城市,公交名,首末班车时间,起始站,起始站经度,起始站纬度,终点站,终点站经度,终点站纬度,站点名,最高价,英文名,站数,经度,纬度,性质,线路ID,区号,区县编码,站点ID,总站数,发车间隔,线路总长度,基础价格,站点状态,ICCARD
上海,磁悬浮,,浦东国际机场,121.805591,31.150958,龙阳路,121.557855,31.20248,浦东国际机场,50,pu dong guo ji ji chang,1,121.805591,31.150958,地铁,310100104513,021,310115,310100104513002,2,15-30分钟,29.13118,50,1,1
上海,磁悬浮,,浦东国际机场,121.805591,31.150958,龙阳路,121.557855,31.20248,龙阳路,50,long yang lu,2,121.557855,31.20248,地铁,310100104513,021,310115,310100104513003,2,15-30分钟,29.13118,50,1,1
上海,地铁1号线,,莘庄,121.385379,31.111193,富锦路,121.424661,31.39226,莘庄,6,shen zhuang,1,121.385379,31.111193,地铁,310100025686,021,310112,310100025686002,28,3-6分钟,36.81733,3,1,1
上海,地铁1号线,,莘庄,121.385379,31.111193,富锦路,121.424661,31.39226,外环路,6,wai huan lu,2,121.39302,31.120899,地铁,310100025686,021,310112,310100025686003,28,3-6分钟,36.81733,3,1,1
上海,地铁1号线,,莘庄,121.385379,31.111193,富锦路,121.424661,31.39226,莲花路,6,lian hua lu,3,121.402943,31.130986,地铁,310100025686,021,310112,310100025686004,28,3-6分钟,36.81733,3,1,1
上海,地铁1号线,,莘庄,121.385379,31.111193,富锦路,121.424661,31.39226,锦江乐园,6,jin jiang le yuan,4,121.414107,31.142217,地铁,310100025686,021,310104,310100025686005,28,3-6分钟,36.81733,3,1,1
上海,地铁1号线,,莘庄,121.385379,31.111193,富锦路,121.424661,31.39226,上海南站,6,shang hai nan zhan,5,121.430041,31.154579,地铁,310100025686,021,310104,310100025686006,28,3-6分钟,36.81733,3,1,1
上海,地铁1号线,,莘庄,121.385379,31.111193,富锦路,121.424661,31.39226,漕宝路,6,cao bao lu,6,121.434704,31.168225,地铁,310100025686,021,310104,310100025686007,28,3-6分钟,36.81733,3,1,1
上海,地铁1号线,,莘庄,121.385379,31.111193,富锦路,121.424661,31.39226,上海体育馆,6,shang hai ti yu guan,7,121.436272,31.182001,地铁,310100025686,021,310104,310100025686008,28,3-6分钟,36.81733,3,1,1
上海,地铁1号线,,莘庄,121.385379,31.111193,富锦路,121.424661,31.39226,徐家汇,6,xu jia hui,8,121.438133,31.191698,地铁,310100025686,021,310104,310100025686009,28,3-6分钟,36.81733,3,1,1
上海,地铁1号线,,莘庄,121.385379,31.111193,富锦路,121.424661,31.39226,衡山路,6,heng shan lu,9,121.446424,31.204528,地铁,310100025686,021,310104,310100025686010,28,3-6分钟,36.81733,3,1,1
上海,地铁1号线,,莘庄,121.385379,31.111193,富锦路,121.424661,31.39226,常熟路,6,chang shu lu,10,121.451048,31.213382,地铁,310100025686,021,310104,310100025686011,28,3-6分钟,36.81733,3,1,1
上海,地铁1号线,,莘庄,121.385379,31.111193,富锦路,121.424661,31.39226,陕西南路,6,shan xi nan lu,11,121.459957,31.217231,地铁,310100025686,021,310101,310100025686012,28,3-6分钟,36.81733,3,1,1
上海,地铁1号线,,莘庄,121.385379,31.111193,富锦路,121.424661,31.39226,黄陂南路,6,huang bei nan lu,12,121.473306,31.222745,地铁,310100025686,021,310101,310100025686013,28,3-6分钟,36.81733,3,1,1
上海,地铁1号线,,莘庄,121.385379,31.111193,富锦路,121.424661,31.39226,人民广场,6,ren min guang chang,13,121.475137,31.232781,地铁,310100025686,021,310101,310100025686014,28,3-6分钟,36.81733,3,1,1
上海,地铁1号线,,莘庄,121.385379,31.111193,富锦路,121.424661,31.39226,新闸路,6,xin zha lu,14,121.468151,31.238373,地铁,310100025686,021,310101,310100025686015,28,3-6分钟,36.81733,3,1,1
上海,地铁1号线,,莘庄,121.385379,31.111193,富锦路,121.424661,31.39226,汉中路,6,han zhong lu,15,121.458699,31.241883,地铁,310100025686,021,310106,310100025686016,28,3-6分钟,36.81733,3,1,1
上海,地铁1号线,,莘庄,121.385379,31.111193,富锦路,121.424661,31.39226,上海火车站,6,shang hai huo che zhan,16,121.455684,31.247255,地铁,310100025686,021,310106,310100025686017,28,3-6分钟,36.81733,3,1,1
上海,地铁1号线,,莘庄,121.385379,31.111193,富锦路,121.424661,31.39226,中山北路,6,zhong shan bei lu,17,121.459204,31.258891,地铁,310100025686,021,310106,310100025686018,28,3-6分钟,36.81733,3,1,1
上海,地铁1号线,,莘庄,121.385379,31.111193,富锦路,121.424661,31.39226,延长路,6,yan chang lu,18,121.455329,31.271675,地铁,310100025686,021,310106,310100025686019,28,3-6分钟,36.81733,3,1,1
上海,地铁1号线,,莘庄,121.385379,31.111193,富锦路,121.424661,31.39226,上海马戏城,6,shang hai ma xi cheng,19,121.452023,31.279895,地铁,310100025686,021,310106,310100025686020,28,3-6分钟,36.81733,3,1,1
上海,地铁1号线,,莘庄,121.385379,31.111193,富锦路,121.424661,31.39226,汶水路,6,wen shui lu,20,121.450251,31.292556,地铁,310100025686,021,310106,310100025686021,28,3-6分钟,36.81733,3,1,1
上海,地铁1号线,,莘庄,121.385379,31.111193,富锦路,121.424661,31.39226,彭浦新村,6,peng pu xin cun,21,121.448642,31.306604,地铁,310100025686,021,310106,310100025686022,28,3-6分钟,36.81733,3,1,1
上海,地铁1号线,,莘庄,121.385379,31.111193,富锦路,121.424661,31.39226,共康路,6,gong kang lu,22,121.447063,31.318936,地铁,310100025686,021,310106,310100025686023,28,3-6分钟,36.81733,3,1,1
上海,地铁1号线,,莘庄,121.385379,31.111193,富锦路,121.424661,31.39226,通河新村,6,tong he xin cun,23,121.441546,31.33113,地铁,310100025686,021,310113,310100025686024,28,3-6分钟,36.81733,3,1,1
上海,地铁1号线,,莘庄,121.385379,31.111193,富锦路,121.424661,31.39226,呼兰路,6,hu lan lu,24,121.437711,31.339703,地铁,310100025686,021,310113,310100025686025,28,3-6分钟,36.81733,3,1,1
上海,地铁1号线,,莘庄,121.385379,31.111193,富锦路,121.424661,31.39226,共富新村,6,gong fu xin cun,25,121.434063,31.355082,地铁,310100025686,021,310113,310100025686026,28,3-6分钟,36.81733,3,1,1
上海,地铁1号线,,莘庄,121.385379,31.111193,富锦路,121.424661,31.39226,宝安公路,6,bao an gong lu,26,121.430914,31.369555,地铁,310100025686,021,310113,310100025686027,28,3-6分钟,36.81733,3,1,1
上海,地铁1号线,,莘庄,121.385379,31.111193,富锦路,121.424661,31.39226,友谊西路,6,you yi xi lu,27,121.427953,31.381296,地铁,310100025686,021,310113,310100025686028,28,3-6分钟,36.81733,3,1,1
上海,地铁1号线,,莘庄,121.385379,31.111193,富锦路,121.424661,31.39226,富锦路,6,fu jin lu,28,121.424661,31.39226,地铁,310100025686,021,310113,310100025686029,28,3-6分钟,36.81733,3,1,1
上海,地铁2号线,,徐泾东,121.299204,31.188367,广兰路,121.621072,31.21105,徐泾东,6,xu jing dong,1,121.299204,31.188367,地铁,310100025694,021,310118,310100025694002,22,3-6分钟,36.53076,3,1,1
上海,地铁2号线,,徐泾东,121.299204,31.188367,广兰路,121.621072,31.21105,虹桥火车站,6,hong qiao huo che zhan,2,121.31895,31.194022,地铁,310100025694,021,310112,310100025694003,22,3-6分钟,36.53076,3,1,1
上海,地铁2号线,,徐泾东,121.299204,31.188367,广兰路,121.621072,31.21105,虹桥2号航站楼,6,hong qiao 2 hao hang zhan lou,3,121.3263,31.194211,地铁,310100025694,021,310112,310100025694004,22,3-6分钟,36.53076,3,1,1
上海,地铁2号线,,徐泾东,121.299204,31.188367,广兰路,121.621072,31.21105,淞虹路,6,song hong lu,4,121.359588,31.218212,地铁,310100025694,021,310105,310100025694005,22,3-6分钟,36.53076,3,1,1
上海,地铁2号线,,徐泾东,121.299204,31.188367,广兰路,121.621072,31.21105,北新泾,6,bei xin jing,5,121.373994,31.216357,地铁,310100025694,021,310105,310100025694006,22,3-6分钟,36.53076,3,1,1
上海,地铁2号线,,徐泾东,121.299204,31.188367,广兰路,121.621072,31.21105,威宁路,6,wei ning lu,6,121.387285,31.21487,地铁,310100025694,021,310105,310100025694007,22,3-6分钟,36.53076,3,1,1
上海,地铁2号线,,徐泾东,121.299204,31.188367,广兰路,121.621072,31.21105,娄山关路,6,lou shan guan lu,7,121.404058,31.211158,地铁,310100025694,021,310105,310100025694008,22,3-6分钟,36.53076,3,1,1
上海,地铁2号线,,徐泾东,121.299204,31.188367,广兰路,121.621072,31.21105,中山公园,6,zhong shan gong yuan,8,121.41818,31.218571,地铁,310100025694,021,310105,310100025694009,22,3-6分钟,36.53076,3,1,1
上海,地铁2号线,,徐泾东,121.299204,31.188367,广兰路,121.621072,31.21105,江苏路,6,jiang su lu,9,121.43246,31.219899,地铁,310100025694,021,310105,310100025694010,22,3-6分钟,36.53076,3,1,1
上海,地铁2号线,,徐泾东,121.299204,31.188367,广兰路,121.621072,31.21105,静安寺,6,jing an si,10,121.446221,31.223083,地铁,310100025694,021,310106,310100025694011,22,3-6分钟,36.53076,3,1,1
上海,地铁2号线,,徐泾东,121.299204,31.188367,广兰路,121.621072,31.21105,南京西路,6,nan jing xi lu,11,121.459971,31.229853,地铁,310100025694,021,310106,310100025694012,22,3-6分钟,36.53076,3,1,1
上海,地铁2号线,,徐泾东,121.299204,31.188367,广兰路,121.621072,31.21105,人民广场,6,ren min guang chang,12,121.472868,31.232949,地铁,310100025694,021,310101,310100025694013,22,3-6分钟,36.53076,3,1,1
上海,地铁2号线,,徐泾东,121.299204,31.188367,广兰路,121.621072,31.21105,南京东路,6,nan jing dong lu,13,121.483609,31.237101,地铁,310100025694,021,310101,310100025694014,22,3-6分钟,36.53076,3,1,1
上海,地铁2号线,,徐泾东,121.299204,31.188367,广兰路,121.621072,31.21105,陆家嘴,6,lu jia zui,14,121.502262,31.238195,地铁,310100025694,021,310115,310100025694015,22,3-6分钟,36.53076,3,1,1
上海,地铁2号线,,徐泾东,121.299204,31.188367,广兰路,121.621072,31.21105,东昌路,6,dong chang lu,15,121.515556,31.23327,地铁,310100025694,021,310115,310100025694016,22,3-6分钟,36.53076,3,1,1
上海,地铁2号线,,徐泾东,121.299204,31.188367,广兰路,121.621072,31.21105,世纪大道,6,shi ji da dao,16,121.527221,31.228764,地铁,310100025694,021,310115,310100025694017,22,3-6分钟,36.53076,3,1,1
上海,地铁2号线,,徐泾东,121.299204,31.188367,广兰路,121.621072,31.21105,上海科技馆,6,shang hai ke ji guan,17,121.544439,31.21882,地铁,310100025694,021,310115,310100025694018,22,3-6分钟,36.53076,3,1,1
上海,地铁2号线,,徐泾东,121.299204,31.188367,广兰路,121.621072,31.21105,世纪公园,6,shi ji gong yuan,18,121.550909,31.209421,地铁,310100025694,021,310115,310100025694019,22,3-6分钟,36.53076,3,1,1
上海,地铁2号线,,徐泾东,121.299204,31.188367,广兰路,121.621072,31.21105,龙阳路,6,long yang lu,19,121.557377,31.202992,地铁,310100025694,021,310115,310100025694020,22,3-6分钟,36.53076,3,1,1
上海,地铁2号线,,徐泾东,121.299204,31.188367,广兰路,121.621072,31.21105,张江高科,6,zhang jiang gao ke,20,121.587687,31.201832,地铁,310100025694,021,310115,310100025694021,22,3-6分钟,36.53076,3,1,1
上海,地铁2号线,,徐泾东,121.299204,31.188367,广兰路,121.621072,31.21105,金科路,6,jin ke lu,21,121.601989,31.204213,地铁,310100025694,021,310115,310100025694022,22,3-6分钟,36.53076,3,1,1
上海,地铁2号线,,徐泾东,121.299204,31.188367,广兰路,121.621072,31.21105,广兰路,6,guang lan lu,22,121.621072,31.21105,地铁,310100025694,021,310115,310100025694023,22,3-6分钟,36.53076,3,1,1
上海,地铁2号线东延线,06:00-22:00,浦东国际机场,121.806497,31.150024,广兰路,121.621072,31.21105,浦东国际机场,5,pu dong guo ji ji chang,1,121.806497,31.150024,地铁,310100024532,021,310115,310100024532002,9,,23.73549,3,1,1
上海,地铁2号线东延线,06:00-22:00,浦东国际机场,121.806497,31.150024,广兰路,121.621072,31.21105,海天三路,5,hai tian san lu,2,121.796878,31.168459,地铁,310100024532,021,310115,310100024532003,9,,23.73549,3,1,1
上海,地铁2号线东延线,06:00-22:00,浦东国际机场,121.806497,31.150024,广兰路,121.621072,31.21105,远东大道,5,yuan dong da dao,3,121.755346,31.199485,地铁,310100024532,021,310115,310100024532004,9,,23.73549,3,1,1
上海,地铁2号线东延线,06:00-22:00,浦东国际机场,121.806497,31.150024,广兰路,121.621072,31.21105,凌空路,5,ling kong lu,4,121.723791,31.192826,地铁,310100024532,021,310115,310100024532005,9,,23.73549,3,1,1
上海,地铁2号线东延线,06:00-22:00,浦东国际机场,121.806497,31.150024,广兰路,121.621072,31.21105,川沙,5,chuan sha,5,121.69821,31.186741,地铁,310100024532,021,310115,310100024532006,9,,23.73549,3,1,1
上海,地铁2号线东延线,06:00-22:00,浦东国际机场,121.806497,31.150024,广兰路,121.621072,31.21105,华夏东路,5,hua xia dong lu,6,121.681098,31.196553,地铁,310100024532,021,310115,310100024532007,9,,23.73549,3,1,1
上海,地铁2号线东延线,06:00-22:00,浦东国际机场,121.806497,31.150024,广兰路,121.621072,31.21105,创新中路,5,chuang xin zhong lu,7,121.673713,31.213871,地铁,310100024532,021,310115,310100024532008,9,,23.73549,3,1,1
上海,地铁2号线东延线,06:00-22:00,浦东国际机场,121.806497,31.150024,广兰路,121.621072,31.21105,唐镇,5,tang zhen,8,121.656269,31.214107,地铁,310100024532,021,310115,310100024532009,9,,23.73549,3,1,1
上海,地铁2号线东延线,06:00-22:00,浦东国际机场,121.806497,31.150024,广兰路,121.621072,31.21105,广兰路,5,guang lan lu,9,121.621072,31.21105,地铁,310100024532,021,310115,310100024532010,9,,23.73549,3,1,1
上海,地铁3号线,,上海南站,121.43106,31.153343,江杨北路,121.439819,31.407858,上海南站,6,shang hai nan zhan,1,121.43106,31.153343,地铁,310100034535,021,310104,310100034535002,29,5-12分钟,40.11045,3,1,1
上海,地铁3号线,,上海南站,121.43106,31.153343,江杨北路,121.439819,31.407858,石龙路,6,shi long lu,2,121.443205,31.157949,地铁,310100034535,021,310104,310100034535003,29,5-12分钟,40.11045,3,1,1
上海,地铁3号线,,上海南站,121.43106,31.153343,江杨北路,121.439819,31.407858,龙漕路,6,long cao lu,3,121.444346,31.16961,地铁,310100034535,021,310104,310100034535004,29,5-12分钟,40.11045,3,1,1
上海,地铁3号线,,上海南站,121.43106,31.153343,江杨北路,121.439819,31.407858,漕溪路,6,cao xi lu,4,121.43841,31.176746,地铁,310100034535,021,310104,310100034535005,29,5-12分钟,40.11045,3,1,1
上海,地铁3号线,,上海南站,121.43106,31.153343,江杨北路,121.439819,31.407858,宜山路,6,yi shan lu,5,121.427194,31.186717,地铁,310100034535,021,310104,310100034535006,29,5-12分钟,40.11045,3,1,1
上海,地铁3号线,,上海南站,121.43106,31.153343,江杨北路,121.439819,31.407858,虹桥路,6,hong qiao lu,6,121.420814,31.197524,地铁,310100034535,021,310105,310100034535007,29,5-12分钟,40.11045,3,1,1
上海,地铁3号线,,上海南站,121.43106,31.153343,江杨北路,121.439819,31.407858,延安西路,6,yan an xi lu,7,121.417062,31.209616,地铁,310100034535,021,310105,310100034535008,29,5-12分钟,40.11045,3,1,1
上海,地铁3号线,,上海南站,121.43106,31.153343,江杨北路,121.439819,31.407858,中山公园,6,zhong shan gong yuan,8,121.415741,31.218014,地铁,310100034535,021,310105,310100034535009,29,5-12分钟,40.11045,3,1,1
上海,地铁3号线,,上海南站,121.43106,31.153343,江杨北路,121.439819,31.407858,金沙江路,6,jin sha jiang lu,9,121.41315,31.232004,地铁,310100034535,021,310107,310100034535010,29,5-12分钟,40.11045,3,1,1
上海,地铁3号线,,上海南站,121.43106,31.153343,江杨北路,121.439819,31.407858,曹杨路,6,cao yang lu,10,121.417701,31.239302,地铁,310100034535,021,310107,310100034535011,29,5-12分钟,40.11045,3,1,1
上海,地铁3号线,,上海南站,121.43106,31.153343,江杨北路,121.439819,31.407858,镇坪路,6,zhen ping lu,11,121.429779,31.246369,地铁,310100034535,021,310107,310100034535012,29,5-12分钟,40.11045,3,1,1
上海,地铁3号线,,上海南站,121.43106,31.153343,江杨北路,121.439819,31.407858,中潭路,6,zhong tan lu,12,121.441001,31.254568,地铁,310100034535,021,310107,310100034535013,29,5-12分钟,40.11045,3,1,1
上海,地铁3号线,,上海南站,121.43106,31.153343,江杨北路,121.439819,31.407858,上海火车站,6,shang hai huo che zhan,13,121.457939,31.249632,地铁,310100034535,021,310106,310100034535014,29,5-12分钟,40.11045,3,1,1
上海,地铁3号线,,上海南站,121.43106,31.153343,江杨北路,121.439819,31.407858,宝山路,6,bao shan lu,14,121.476298,31.251523,地铁,310100034535,021,310106,310100034535015,29,5-12分钟,40.11045,3,1,1
上海,地铁3号线,,上海南站,121.43106,31.153343,江杨北路,121.439819,31.407858,东宝兴路,6,dong bao xing lu,15,121.480202,31.259886,地铁,310100034535,021,310109,310100034535016,29,5-12分钟,40.11045,3,1,1
上海,地铁3号线,,上海南站,121.43106,31.153343,江杨北路,121.439819,31.407858,虹口足球场,6,hong kou zu qiu chang,16,121.479154,31.271392,地铁,310100034535,021,310109,310100034535017,29,5-12分钟,40.11045,3,1,1
上海,地铁3号线,,上海南站,121.43106,31.153343,江杨北路,121.439819,31.407858,赤峰路,6,chi feng lu,17,121.482429,31.281247,地铁,310100034535,021,310109,310100034535018,29,5-12分钟,40.11045,3,1,1
上海,地铁3号线,,上海南站,121.43106,31.153343,江杨北路,121.439819,31.407858,大柏树,6,da bai shu,18,121.483216,31.289433,地铁,310100034535,021,310109,310100034535019,29,5-12分钟,40.11045,3,1,1
上海,地铁3号线,,上海南站,121.43106,31.153343,江杨北路,121.439819,31.407858,江湾镇,6,jiang wan zhen,19,121.485082,31.305546,地铁,310100034535,021,310109,310100034535020,29,5-12分钟,40.11045,3,1,1
上海,地铁3号线,,上海南站,121.43106,31.153343,江杨北路,121.439819,31.407858,殷高西路,6,yin gao xi lu,20,121.484856,31.320005,地铁,310100034535,021,310113,310100034535021,29,5-12分钟,40.11045,3,1,1
上海,地铁3号线,,上海南站,121.43106,31.153343,江杨北路,121.439819,31.407858,长江南路,6,chang jiang nan lu,21,121.491482,31.332062,地铁,310100034535,021,310113,310100034535022,29,5-12分钟,40.11045,3,1,1
上海,地铁3号线,,上海南站,121.43106,31.153343,江杨北路,121.439819,31.407858,淞发路,6,song fa lu,22,121.50039,31.345135,地铁,310100034535,021,310113,310100034535023,29,5-12分钟,40.11045,3,1,1
上海,地铁3号线,,上海南站,121.43106,31.153343,江杨北路,121.439819,31.407858,张华浜,6,zhang hua bang,23,121.498671,31.358016,地铁,310100034535,021,310113,310100034535024,29,5-12分钟,40.11045,3,1,1
上海,地铁3号线,,上海南站,121.43106,31.153343,江杨北路,121.439819,31.407858,淞滨路,6,song bin lu,24,121.492818,31.370928,地铁,310100034535,021,310113,310100034535025,29,5-12分钟,40.11045,3,1,1
上海,地铁3号线,,上海南站,121.43106,31.153343,江杨北路,121.439819,31.407858,水产路,6,shui chan lu,25,121.488247,31.381302,地铁,310100034535,021,310113,310100034535026,29,5-12分钟,40.11045,3,1,1
上海,地铁3号线,,上海南站,121.43106,31.153343,江杨北路,121.439819,31.407858,宝杨路,6,bao yang lu,26,121.479574,31.395315,地铁,310100034535,021,310113,310100034535027,29,5-12分钟,40.11045,3,1,1
上海,地铁3号线,,上海南站,121.43106,31.153343,江杨北路,121.439819,31.407858,友谊路,6,you yi lu,27,121.475924,31.404016,地铁,310100034535,021,310113,310100034535028,29,5-12分钟,40.11045,3,1,1
上海,地铁3号线,,上海南站,121.43106,31.153343,江杨北路,121.439819,31.407858,铁力路,6,tie li lu,28,121.461139,31.40812,地铁,310100034535,021,310113,310100034535029,29,5-12分钟,40.11045,3,1,1
上海,地铁3号线,,上海南站,121.43106,31.153343,江杨北路,121.439819,31.407858,江杨北路,6,jiang yang bei lu,29,121.439819,31.407858,地铁,310100034535,021,310113,310100034535030,29,5-12分钟,40.11045,3,1,1
上海,地铁4号线,,宜山路,121.427238,31.187082,宜山路,121.427238,31.187082,宜山路,4,yi shan lu,1,121.427238,31.187082,地铁,310100034537,021,310104,310100034537002,27,5-10分钟,33.79538,3,1,1
上海,地铁4号线,,宜山路,121.427238,31.187082,宜山路,121.427238,31.187082,上海体育馆,4,shang hai ti yu guan,2,121.437423,31.182813,地铁,310100034537,021,310104,310100034537003,27,5-10分钟,33.79538,3,1,1
上海,地铁4号线,,宜山路,121.427238,31.187082,宜山路,121.427238,31.187082,上海体育场,4,shang hai ti yu chang,3,121.443529,31.185605,地铁,310100034537,021,310104,310100034537004,27,5-10分钟,33.79538,3,1,1
上海,地铁4号线,,宜山路,121.427238,31.187082,宜山路,121.427238,31.187082,东安路,4,dong an lu,4,121.454897,31.190819,地铁,310100034537,021,310104,310100034537005,27,5-10分钟,33.79538,3,1,1
上海,地铁4号线,,宜山路,121.427238,31.187082,宜山路,121.427238,31.187082,大木桥路,4,da mu qiao lu,5,121.463278,31.194057,地铁,310100034537,021,310104,310100034537006,27,5-10分钟,33.79538,3,1,1
上海,地铁4号线,,宜山路,121.427238,31.187082,宜山路,121.427238,31.187082,鲁班路,4,lu ban lu,6,121.475148,31.199221,地铁,310100034537,021,310101,310100034537007,27,5-10分钟,33.79538,3,1,1
上海,地铁4号线,,宜山路,121.427238,31.187082,宜山路,121.427238,31.187082,西藏南路,4,xi cang nan lu,7,121.489555,31.201967,地铁,310100034537,021,310101,310100034537008,27,5-10分钟,33.79538,3,1,1
上海,地铁4号线,,宜山路,121.427238,31.187082,宜山路,121.427238,31.187082,南浦大桥,4,nan pu da qiao,8,121.499725,31.208504,地铁,310100034537,021,310101,310100034537009,27,5-10分钟,33.79538,3,1,1
上海,地铁4号线,,宜山路,121.427238,31.187082,宜山路,121.427238,31.187082,塘桥,4,tang qiao,9,121.51869,31.209762,地铁,310100034537,021,310115,310100034537010,27,5-10分钟,33.79538,3,1,1
上海,地铁4号线,,宜山路,121.427238,31.187082,宜山路,121.427238,31.187082,蓝村路,4,lan cun lu,10,121.5279,31.211563,地铁,310100034537,021,310115,310100034537011,27,5-10分钟,33.79538,3,1,1
上海,地铁4号线,,宜山路,121.427238,31.187082,宜山路,121.427238,31.187082,浦电路(4号线),4,pu dian lu (4 hao xian ),11,121.53208,31.222285,地铁,310100034537,021,310115,310100034537012,27,5-10分钟,33.79538,3,1,1
上海,地铁4号线,,宜山路,121.427238,31.187082,宜山路,121.427238,31.187082,世纪大道,4,shi ji da dao,12,121.527221,31.228764,地铁,310100034537,021,310115,310100034537013,27,5-10分钟,33.79538,3,1,1
上海,地铁4号线,,宜山路,121.427238,31.187082,宜山路,121.427238,31.187082,浦东大道,4,pu dong da dao,13,121.519385,31.239974,地铁,310100034537,021,310115,310100034537014,27,5-10分钟,33.79538,3,1,1
上海,地铁4号线,,宜山路,121.427238,31.187082,宜山路,121.427238,31.187082,杨树浦路,4,yang shu pu lu,14,121.51721,31.251935,地铁,310100034537,021,310109,310100034537015,27,5-10分钟,33.79538,3,1,1
上海,地铁4号线,,宜山路,121.427238,31.187082,宜山路,121.427238,31.187082,大连路,4,da lian lu,15,121.513088,31.257938,地铁,310100034537,021,310109,310100034537016,27,5-10分钟,33.79538,3,1,1
上海,地铁4号线,,宜山路,121.427238,31.187082,宜山路,121.427238,31.187082,临平路,4,lin ping lu,16,121.500696,31.260874,地铁,310100034537,021,310109,310100034537017,27,5-10分钟,33.79538,3,1,1
上海,地铁4号线,,宜山路,121.427238,31.187082,宜山路,121.427238,31.187082,海伦路,4,hai lun lu,17,121.489637,31.259009,地铁,310100034537,021,310109,310100034537018,27,5-10分钟,33.79538,3,1,1
上海,地铁4号线,,宜山路,121.427238,31.187082,宜山路,121.427238,31.187082,宝山路,4,bao shan lu,18,121.476298,31.251523,地铁,310100034537,021,310106,310100034537019,27,5-10分钟,33.79538,3,1,1
上海,地铁4号线,,宜山路,121.427238,31.187082,宜山路,121.427238,31.187082,上海火车站,4,shang hai huo che zhan,19,121.457939,31.249632,地铁,310100034537,021,310106,310100034537020,27,5-10分钟,33.79538,3,1,1
上海,地铁4号线,,宜山路,121.427238,31.187082,宜山路,121.427238,31.187082,中潭路,4,zhong tan lu,20,121.441001,31.254568,地铁,310100034537,021,310107,310100034537021,27,5-10分钟,33.79538,3,1,1
上海,地铁4号线,,宜山路,121.427238,31.187082,宜山路,121.427238,31.187082,镇坪路,4,zhen ping lu,21,121.429779,31.246369,地铁,310100034537,021,310107,310100034537022,27,5-10分钟,33.79538,3,1,1
上海,地铁4号线,,宜山路,121.427238,31.187082,宜山路,121.427238,31.187082,曹杨路,4,cao yang lu,22,121.417701,31.239302,地铁,310100034537,021,310107,310100034537023,27,5-10分钟,33.79538,3,1,1
上海,地铁4号线,,宜山路,121.427238,31.187082,宜山路,121.427238,31.187082,金沙江路,4,jin sha jiang lu,23,121.41315,31.232004,地铁,310100034537,021,310107,310100034537024,27,5-10分钟,33.79538,3,1,1
上海,地铁4号线,,宜山路,121.427238,31.187082,宜山路,121.427238,31.187082,中山公园,4,zhong shan gong yuan,24,121.415741,31.218014,地铁,310100034537,021,310105,310100034537025,27,5-10分钟,33.79538,3,1,1
上海,地铁4号线,,宜山路,121.427238,31.187082,宜山路,121.427238,31.187082,延安西路,4,yan an xi lu,25,121.417062,31.209616,地铁,310100034537,021,310105,310100034537026,27,5-10分钟,33.79538,3,1,1
上海,地铁4号线,,宜山路,121.427238,31.187082,宜山路,121.427238,31.187082,虹桥路,4,hong qiao lu,26,121.420814,31.197524,地铁,310100034537,021,310105,310100034537027,27,5-10分钟,33.79538,3,1,1
上海,地铁4号线,,宜山路,121.427238,31.187082,宜山路,121.427238,31.187082,宜山路,4,yi shan lu,27,121.427238,31.187082,地铁,310100034537,021,310104,310100034537028,27,5-10分钟,33.79538,3,1,1
上海,地铁5号线,06:00-22:00,闵行开发区,121.369712,31.000627,莘庄,121.385379,31.111193,闵行开发区,3,min xing kai fa qu,1,121.369712,31.000627,地铁,310100034539,021,310112,310100034539002,11,6-10分钟,16.57771,2,1,1
上海,地铁5号线,06:00-22:00,闵行开发区,121.369712,31.000627,莘庄,121.385379,31.111193,文井路,3,wen jing lu,2,121.380775,31.003597,地铁,310100034539,021,310112,310100034539003,11,6-10分钟,16.57771,2,1,1
上海,地铁5号线,06:00-22:00,闵行开发区,121.369712,31.000627,莘庄,121.385379,31.111193,华宁路,3,hua ning lu,3,121.395255,31.007467,地铁,310100034539,021,310112,310100034539004,11,6-10分钟,16.57771,2,1,1
上海,地铁5号线,06:00-22:00,闵行开发区,121.369712,31.000627,莘庄,121.385379,31.111193,金平路,3,jin ping lu,4,121.410186,31.011282,地铁,310100034539,021,310112,310100034539005,11,6-10分钟,16.57771,2,1,1
上海,地铁5号线,06:00-22:00,闵行开发区,121.369712,31.000627,莘庄,121.385379,31.111193,东川路,3,dong chuan lu,5,121.419901,31.018197,地铁,310100034539,021,310112,310100034539006,11,6-10分钟,16.57771,2,1,1
上海,地铁5号线,06:00-22:00,闵行开发区,121.369712,31.000627,莘庄,121.385379,31.111193,剑川路,3,jian chuan lu,6,121.416582,31.026483,地铁,310100034539,021,310112,310100034539007,11,6-10分钟,16.57771,2,1,1
上海,地铁5号线,06:00-22:00,闵行开发区,121.369712,31.000627,莘庄,121.385379,31.111193,北桥,3,bei qiao,7,121.410054,31.045112,地铁,310100034539,021,310112,310100034539008,11,6-10分钟,16.57771,2,1,1
上海,地铁5号线,06:00-22:00,闵行开发区,121.369712,31.000627,莘庄,121.385379,31.111193,颛桥,3,zhuan qiao,8,121.401868,31.067013,地铁,310100034539,021,310112,310100034539009,11,6-10分钟,16.57771,2,1,1
上海,地铁5号线,06:00-22:00,闵行开发区,121.369712,31.000627,莘庄,121.385379,31.111193,银都路,3,yin du lu,9,121.390264,31.089345,地铁,310100034539,021,310112,310100034539010,11,6-10分钟,16.57771,2,1,1
上海,地铁5号线,06:00-22:00,闵行开发区,121.369712,31.000627,莘庄,121.385379,31.111193,春申路,3,chun shen lu,10,121.385818,31.09825,地铁,310100034539,021,310112,310100034539011,11,6-10分钟,16.57771,2,1,1
上海,地铁5号线,06:00-22:00,闵行开发区,121.369712,31.000627,莘庄,121.385379,31.111193,莘庄,3,shen zhuang,11,121.385379,31.111193,地铁,310100034539,021,310112,310100034539012,11,6-10分钟,16.57771,2,1,1
上海,地铁6号线,05:30-22:30,港城路,121.574752,31.353005,东方体育中心,121.480304,31.153366,港城路,6,gang cheng lu,1,121.574752,31.353005,地铁,310100024541,021,310115,310100024541002,28,6-12分钟,32.57011,3,1,1
上海,地铁6号线,05:30-22:30,港城路,121.574752,31.353005,东方体育中心,121.480304,31.153366,外高桥保税区北,6,wai gao qiao bao shui qu bei,2,121.586926,31.347802,地铁,310100024541,021,310115,310100024541003,28,6-12分钟,32.57011,3,1,1
上海,地铁6号线,05:30-22:30,港城路,121.574752,31.353005,东方体育中心,121.480304,31.153366,航津路,6,hang jin lu,3,121.593974,31.335371,地铁,310100024541,021,310115,310100024541004,28,6-12分钟,32.57011,3,1,1
上海,地铁6号线,05:30-22:30,港城路,121.574752,31.353005,东方体育中心,121.480304,31.153366,外高桥保税区南,6,wai gao qiao bao shui qu nan,4,121.601963,31.321578,地铁,310100024541,021,310115,310100024541005,28,6-12分钟,32.57011,3,1,1
上海,地铁6号线,05:30-22:30,港城路,121.574752,31.353005,东方体育中心,121.480304,31.153366,洲海路,6,zhou hai lu,5,121.589396,31.312229,地铁,310100024541,021,310115,310100024541006,28,6-12分钟,32.57011,3,1,1
上海,地铁6号线,05:30-22:30,港城路,121.574752,31.353005,东方体育中心,121.480304,31.153366,五洲大道,6,wu zhou da dao,6,121.589212,31.302569,地铁,310100024541,021,310115,310100024541007,28,6-12分钟,32.57011,3,1,1
上海,地铁6号线,05:30-22:30,港城路,121.574752,31.353005,东方体育中心,121.480304,31.153366,东靖路,6,dong jing lu,7,121.588736,31.290684,地铁,310100024541,021,310115,310100024541008,28,6-12分钟,32.57011,3,1,1
上海,地铁6号线,05:30-22:30,港城路,121.574752,31.353005,东方体育中心,121.480304,31.153366,巨峰路,6,ju feng lu,8,121.588365,31.280684,地铁,310100024541,021,310115,310100024541009,28,6-12分钟,32.57011,3,1,1
上海,地铁6号线,05:30-22:30,港城路,121.574752,31.353005,东方体育中心,121.480304,31.153366,五莲路,6,wu lian lu,9,121.587866,31.272025,地铁,310100024541,021,310115,310100024541010,28,6-12分钟,32.57011,3,1,1
上海,地铁6号线,05:30-22:30,港城路,121.574752,31.353005,东方体育中心,121.480304,31.153366,博兴路,6,bo xing lu,10,121.586689,31.26352,地铁,310100024541,021,310115,310100024541011,28,6-12分钟,32.57011,3,1,1
上海,地铁6号线,05:30-22:30,港城路,121.574752,31.353005,东方体育中心,121.480304,31.153366,金桥路,6,jin qiao lu,11,121.581817,31.257084,地铁,310100024541,021,310115,310100024541012,28,6-12分钟,32.57011,3,1,1
上海,地铁6号线,05:30-22:30,港城路,121.574752,31.353005,东方体育中心,121.480304,31.153366,云山路,6,yun shan lu,12,121.572775,31.250413,地铁,310100024541,021,310115,310100024541013,28,6-12分钟,32.57011,3,1,1
上海,地铁6号线,05:30-22:30,港城路,121.574752,31.353005,东方体育中心,121.480304,31.153366,德平路,6,de ping lu,13,121.564237,31.2454,地铁,310100024541,021,310115,310100024541014,28,6-12分钟,32.57011,3,1,1
上海,地铁6号线,05:30-22:30,港城路,121.574752,31.353005,东方体育中心,121.480304,31.153366,北洋泾路,6,bei yang jing lu,14,121.552314,31.239145,地铁,310100024541,021,310115,310100024541015,28,6-12分钟,32.57011,3,1,1
上海,地铁6号线,05:30-22:30,港城路,121.574752,31.353005,东方体育中心,121.480304,31.153366,民生路,6,min sheng lu,15,121.543527,31.235851,地铁,310100024541,021,310115,310100024541016,28,6-12分钟,32.57011,3,1,1
上海,地铁6号线,05:30-22:30,港城路,121.574752,31.353005,东方体育中心,121.480304,31.153366,源深体育中心,6,yuan shen ti yu zhong xin,16,121.534642,31.233004,地铁,310100024541,021,310115,310100024541017,28,6-12分钟,32.57011,3,1,1
上海,地铁6号线,05:30-22:30,港城路,121.574752,31.353005,东方体育中心,121.480304,31.153366,世纪大道,6,shi ji da dao,17,121.527221,31.228764,地铁,310100024541,021,310115,310100024541018,28,6-12分钟,32.57011,3,1,1
上海,地铁6号线,05:30-22:30,港城路,121.574752,31.353005,东方体育中心,121.480304,31.153366,浦电路(6号线),6,pu dian lu (6 hao xian ),18,121.529122,31.220104,地铁,310100024541,021,310115,310100024541019,28,6-12分钟,32.57011,3,1,1
上海,地铁6号线,05:30-22:30,港城路,121.574752,31.353005,东方体育中心,121.480304,31.153366,蓝村路,6,lan cun lu,19,121.527627,31.211672,地铁,310100024541,021,310115,310100024541020,28,6-12分钟,32.57011,3,1,1
上海,地铁6号线,05:30-22:30,港城路,121.574752,31.353005,东方体育中心,121.480304,31.153366,上海儿童医学中心,6,shang hai er tong yi xue zhong xin,20,121.523482,31.203277,地铁,310100024541,021,310115,310100024541021,28,6-12分钟,32.57011,3,1,1
上海,地铁6号线,05:30-22:30,港城路,121.574752,31.353005,东方体育中心,121.480304,31.153366,临沂新村,6,lin yi xin cun,21,121.516695,31.193202,地铁,310100024541,021,310115,310100024541022,28,6-12分钟,32.57011,3,1,1
上海,地铁6号线,05:30-22:30,港城路,121.574752,31.353005,东方体育中心,121.480304,31.153366,高科西路,6,gao ke xi lu,22,121.509845,31.185761,地铁,310100024541,021,310115,310100024541023,28,6-12分钟,32.57011,3,1,1
上海,地铁6号线,05:30-22:30,港城路,121.574752,31.353005,东方体育中心,121.480304,31.153366,东明路,6,dong ming lu,23,121.510868,31.172646,地铁,310100024541,021,310115,310100024541024,28,6-12分钟,32.57011,3,1,1
上海,地铁6号线,05:30-22:30,港城路,121.574752,31.353005,东方体育中心,121.480304,31.153366,高青路,6,gao qing lu,24,121.515787,31.159907,地铁,310100024541,021,310115,310100024541025,28,6-12分钟,32.57011,3,1,1
上海,地铁6号线,05:30-22:30,港城路,121.574752,31.353005,东方体育中心,121.480304,31.153366,华夏西路,6,hua xia xi lu,25,121.514539,31.149878,地铁,310100024541,021,310115,310100024541026,28,6-12分钟,32.57011,3,1,1
上海,地铁6号线,05:30-22:30,港城路,121.574752,31.353005,东方体育中心,121.480304,31.153366,上南路,6,shang nan lu,26,121.506151,31.14903,地铁,310100024541,021,310115,310100024541027,28,6-12分钟,32.57011,3,1,1
上海,地铁6号线,05:30-22:30,港城路,121.574752,31.353005,东方体育中心,121.480304,31.153366,灵岩南路,6,ling yan nan lu,27,121.495295,31.148665,地铁,310100024541,021,310115,310100024541028,28,6-12分钟,32.57011,3,1,1
上海,地铁6号线,05:30-22:30,港城路,121.574752,31.353005,东方体育中心,121.480304,31.153366,东方体育中心,6,dong fang ti yu zhong xin,28,121.480304,31.153366,地铁,310100024541,021,310115,310100024541029,28,6-12分钟,32.57011,3,1,1
上海,地铁7号线,,美兰湖,121.349966,31.401949,花木路,121.562754,31.211212,美兰湖,7,mei lan hu,1,121.349966,31.401949,地铁,310100024543,021,310113,310100024543002,33,6-13分钟,43.51155,3,1,1
上海,地铁7号线,,美兰湖,121.349966,31.401949,花木路,121.562754,31.211212,罗南新村,7,luo nan xin cun,2,121.35747,31.388831,地铁,310100024543,021,310113,310100024543003,33,6-13分钟,43.51155,3,1,1
上海,地铁7号线,,美兰湖,121.349966,31.401949,花木路,121.562754,31.211212,潘广路,7,pan guang lu,3,121.355845,31.364182,地铁,310100024543,021,310113,310100024543004,33,6-13分钟,43.51155,3,1,1
上海,地铁7号线,,美兰湖,121.349966,31.401949,花木路,121.562754,31.211212,刘行,7,liu xing,4,121.362404,31.357569,地铁,310100024543,021,310113,310100024543005,33,6-13分钟,43.51155,3,1,1
上海,地铁7号线,,美兰湖,121.349966,31.401949,花木路,121.562754,31.211212,顾村公园,7,gu cun gong yuan,5,121.373008,31.344501,地铁,310100024543,021,310113,310100024543006,33,6-13分钟,43.51155,3,1,1
上海,地铁7号线,,美兰湖,121.349966,31.401949,花木路,121.562754,31.211212,祁华路,7,qi hua lu,6,121.373569,31.322315,地铁,310100024543,021,310113,310100024543007,33,6-13分钟,43.51155,3,1,1
上海,地铁7号线,,美兰湖,121.349966,31.401949,花木路,121.562754,31.211212,上海大学,7,shang hai da xue,7,121.388884,31.320586,地铁,310100024543,021,310113,310100024543008,33,6-13分钟,43.51155,3,1,1
上海,地铁7号线,,美兰湖,121.349966,31.401949,花木路,121.562754,31.211212,南陈路,7,nan chen lu,8,121.398863,31.321437,地铁,310100024543,021,310113,310100024543009,33,6-13分钟,43.51155,3,1,1
上海,地铁7号线,,美兰湖,121.349966,31.401949,花木路,121.562754,31.211212,上大路,7,shang da lu,9,121.40858,31.315071,地铁,310100024543,021,310113,310100024543010,33,6-13分钟,43.51155,3,1,1
上海,地铁7号线,,美兰湖,121.349966,31.401949,花木路,121.562754,31.211212,场中路,7,chang zhong lu,10,121.413661,31.303685,地铁,310100024543,021,310113,310100024543011,33,6-13分钟,43.51155,3,1,1
上海,地铁7号线,,美兰湖,121.349966,31.401949,花木路,121.562754,31.211212,大场镇,7,da chang zhen,11,121.416548,31.29332,地铁,310100024543,021,310113,310100024543012,33,6-13分钟,43.51155,3,1,1
上海,地铁7号线,,美兰湖,121.349966,31.401949,花木路,121.562754,31.211212,行知路,7,xing zhi lu,12,121.421493,31.284942,地铁,310100024543,021,310113,310100024543013,33,6-13分钟,43.51155,3,1,1
上海,地铁7号线,,美兰湖,121.349966,31.401949,花木路,121.562754,31.211212,大华三路,7,da hua san lu,13,121.423047,31.274024,地铁,310100024543,021,310113,310100024543014,33,6-13分钟,43.51155,3,1,1
上海,地铁7号线,,美兰湖,121.349966,31.401949,花木路,121.562754,31.211212,新村路,7,xin cun lu,14,121.422682,31.263952,地铁,310100024543,021,310107,310100024543015,33,6-13分钟,43.51155,3,1,1
上海,地铁7号线,,美兰湖,121.349966,31.401949,花木路,121.562754,31.211212,岚皋路,7,lan gao lu,15,121.421939,31.256198,地铁,310100024543,021,310107,310100024543016,33,6-13分钟,43.51155,3,1,1
上海,地铁7号线,,美兰湖,121.349966,31.401949,花木路,121.562754,31.211212,镇坪路,7,zhen ping lu,16,121.431786,31.246688,地铁,310100024543,021,310107,310100024543017,33,6-13分钟,43.51155,3,1,1
上海,地铁7号线,,美兰湖,121.349966,31.401949,花木路,121.562754,31.211212,长寿路,7,chang shou lu,17,121.438261,31.239914,地铁,310100024543,021,310107,310100024543018,33,6-13分钟,43.51155,3,1,1
上海,地铁7号线,,美兰湖,121.349966,31.401949,花木路,121.562754,31.211212,昌平路,7,chang ping lu,18,121.442617,31.233749,地铁,310100024543,021,310106,310100024543019,33,6-13分钟,43.51155,3,1,1
上海,地铁7号线,,美兰湖,121.349966,31.401949,花木路,121.562754,31.211212,静安寺,7,jing an si,19,121.448569,31.222974,地铁,310100024543,021,310106,310100024543020,33,6-13分钟,43.51155,3,1,1
上海,地铁7号线,,美兰湖,121.349966,31.401949,花木路,121.562754,31.211212,常熟路,7,chang shu lu,20,121.449141,31.213524,地铁,310100024543,021,310104,310100024543021,33,6-13分钟,43.51155,3,1,1
上海,地铁7号线,,美兰湖,121.349966,31.401949,花木路,121.562754,31.211212,肇嘉浜路,7,zhao jia bang lu,21,121.450408,31.198684,地铁,310100024543,021,310104,310100024543022,33,6-13分钟,43.51155,3,1,1
上海,地铁7号线,,美兰湖,121.349966,31.401949,花木路,121.562754,31.211212,东安路,7,dong an lu,22,121.454897,31.190819,地铁,310100024543,021,310104,310100024543023,33,6-13分钟,43.51155,3,1,1
上海,地铁7号线,,美兰湖,121.349966,31.401949,花木路,121.562754,31.211212,龙华中路,7,long hua zhong lu,23,121.457054,31.183843,地铁,310100024543,021,310104,310100024543024,33,6-13分钟,43.51155,3,1,1
上海,地铁7号线,,美兰湖,121.349966,31.401949,花木路,121.562754,31.211212,后滩,7,hou tan,24,121.473756,31.171918,地铁,310100024543,021,310115,310100024543025,33,6-13分钟,43.51155,3,1,1
上海,地铁7号线,,美兰湖,121.349966,31.401949,花木路,121.562754,31.211212,长清路,7,chang qing lu,25,121.486117,31.174611,地铁,310100024543,021,310115,310100024543026,33,6-13分钟,43.51155,3,1,1
上海,地铁7号线,,美兰湖,121.349966,31.401949,花木路,121.562754,31.211212,耀华路,7,yao hua lu,26,121.494612,31.178513,地铁,310100024543,021,310115,310100024543027,33,6-13分钟,43.51155,3,1,1
上海,地铁7号线,,美兰湖,121.349966,31.401949,花木路,121.562754,31.211212,云台路,7,yun tai lu,27,121.500439,31.182212,地铁,310100024543,021,310115,310100024543028,33,6-13分钟,43.51155,3,1,1
上海,地铁7号线,,美兰湖,121.349966,31.401949,花木路,121.562754,31.211212,高科西路,7,gao ke xi lu,28,121.509845,31.185761,地铁,310100024543,021,310115,310100024543029,33,6-13分钟,43.51155,3,1,1
上海,地铁7号线,,美兰湖,121.349966,31.401949,花木路,121.562754,31.211212,杨高南路,7,yang gao nan lu,29,121.525087,31.187566,地铁,310100024543,021,310115,310100024543030,33,6-13分钟,43.51155,3,1,1
上海,地铁7号线,,美兰湖,121.349966,31.401949,花木路,121.562754,31.211212,锦绣路,7,jin xiu lu,30,121.540041,31.187592,地铁,310100024543,021,310115,310100024543031,33,6-13分钟,43.51155,3,1,1
上海,地铁7号线,,美兰湖,121.349966,31.401949,花木路,121.562754,31.211212,芳华路,7,fang hua lu,31,121.550115,31.19311,地铁,310100024543,021,310115,310100024543032,33,6-13分钟,43.51155,3,1,1
上海,地铁7号线,,美兰湖,121.349966,31.401949,花木路,121.562754,31.211212,龙阳路,7,long yang lu,32,121.557634,31.203575,地铁,310100024543,021,310115,310100024543033,33,6-13分钟,43.51155,3,1,1
上海,地铁7号线,,美兰湖,121.349966,31.401949,花木路,121.562754,31.211212,花木路,7,hua mu lu,33,121.562754,31.211212,地铁,310100024543,021,310115,310100024543034,33,6-13分钟,43.51155,3,1,1
上海,地铁8号线,,沈杜公路,121.512272,31.061427,市光路,121.531933,31.322724,沈杜公路,6,shen du gong lu,1,121.512272,31.061427,地铁,310100025710,021,310112,310100025710002,30,5-12分钟,36.60758,3,1,1
上海,地铁8号线,,沈杜公路,121.512272,31.061427,市光路,121.531933,31.322724,联航路,6,lian hang lu,2,121.510594,31.073567,地铁,310100025710,021,310112,310100025710003,30,5-12分钟,36.60758,3,1,1
上海,地铁8号线,,沈杜公路,121.512272,31.061427,市光路,121.531933,31.322724,江月路,6,jiang yue lu,3,121.508603,31.084253,地铁,310100025710,021,310112,310100025710004,30,5-12分钟,36.60758,3,1,1
上海,地铁8号线,,沈杜公路,121.512272,31.061427,市光路,121.531933,31.322724,浦江镇,6,pu jiang zhen,4,121.506272,31.09659,地铁,310100025710,021,310112,310100025710005,30,5-12分钟,36.60758,3,1,1
上海,地铁8号线,,沈杜公路,121.512272,31.061427,市光路,121.531933,31.322724,芦恒路,6,lu heng lu,5,121.497842,31.119015,地铁,310100025710,021,310112,310100025710006,30,5-12分钟,36.60758,3,1,1
上海,地铁8号线,,沈杜公路,121.512272,31.061427,市光路,121.531933,31.322724,凌兆新村,6,ling zhao xin cun,6,121.489663,31.141301,地铁,310100025710,021,310115,310100025710007,30,5-12分钟,36.60758,3,1,1
上海,地铁8号线,,沈杜公路,121.512272,31.061427,市光路,121.531933,31.322724,东方体育中心,6,dong fang ti yu zhong xin,7,121.480304,31.153366,地铁,310100025710,021,310115,310100025710008,30,5-12分钟,36.60758,3,1,1
上海,地铁8号线,,沈杜公路,121.512272,31.061427,市光路,121.531933,31.322724,杨思,6,yang si,8,121.493443,31.161054,地铁,310100025710,021,310115,310100025710009,30,5-12分钟,36.60758,3,1,1
上海,地铁8号线,,沈杜公路,121.512272,31.061427,市光路,121.531933,31.322724,成山路,6,cheng shan lu,9,121.49622,31.170735,地铁,310100025710,021,310115,310100025710010,30,5-12分钟,36.60758,3,1,1
上海,地铁8号线,,沈杜公路,121.512272,31.061427,市光路,121.531933,31.322724,耀华路,6,yao hua lu,10,121.494612,31.178513,地铁,310100025710,021,310115,310100025710011,30,5-12分钟,36.60758,3,1,1
上海,地铁8号线,,沈杜公路,121.512272,31.061427,市光路,121.531933,31.322724,中华艺术宫,6,zhong hua yi shu gong,11,121.493626,31.185242,地铁,310100025710,021,310115,310100025710012,30,5-12分钟,36.60758,3,1,1
上海,地铁8号线,,沈杜公路,121.512272,31.061427,市光路,121.531933,31.322724,西藏南路,6,xi cang nan lu,12,121.489555,31.201967,地铁,310100025710,021,310101,310100025710013,30,5-12分钟,36.60758,3,1,1
上海,地铁8号线,,沈杜公路,121.512272,31.061427,市光路,121.531933,31.322724,陆家浜路,6,lu jia bang lu,13,121.486115,31.211789,地铁,310100025710,021,310101,310100025710014,30,5-12分钟,36.60758,3,1,1
上海,地铁8号线,,沈杜公路,121.512272,31.061427,市光路,121.531933,31.322724,老西门,6,lao xi men,14,121.48287,31.218964,地铁,310100025710,021,310101,310100025710015,30,5-12分钟,36.60758,3,1,1
上海,地铁8号线,,沈杜公路,121.512272,31.061427,市光路,121.531933,31.322724,大世界,6,da shi jie,15,121.479326,31.227182,地铁,310100025710,021,310101,310100025710016,30,5-12分钟,36.60758,3,1,1
上海,地铁8号线,,沈杜公路,121.512272,31.061427,市光路,121.531933,31.322724,人民广场,6,ren min guang chang,16,121.475357,31.232855,地铁,310100025710,021,310101,310100025710017,30,5-12分钟,36.60758,3,1,1
上海,地铁8号线,,沈杜公路,121.512272,31.061427,市光路,121.531933,31.322724,曲阜路,6,qu fu lu,17,121.471543,31.242307,地铁,310100025710,021,310106,310100025710018,30,5-12分钟,36.60758,3,1,1
上海,地铁8号线,,沈杜公路,121.512272,31.061427,市光路,121.531933,31.322724,中兴路,6,zhong xing lu,18,121.469026,31.253228,地铁,310100025710,021,310106,310100025710019,30,5-12分钟,36.60758,3,1,1
上海,地铁8号线,,沈杜公路,121.512272,31.061427,市光路,121.531933,31.322724,西藏北路,6,xi cang bei lu,19,121.468769,31.263505,地铁,310100025710,021,310106,310100025710020,30,5-12分钟,36.60758,3,1,1
上海,地铁8号线,,沈杜公路,121.512272,31.061427,市光路,121.531933,31.322724,虹口足球场,6,hong kou zu qiu chang,20,121.479327,31.269891,地铁,310100025710,021,310109,310100025710021,30,5-12分钟,36.60758,3,1,1
上海,地铁8号线,,沈杜公路,121.512272,31.061427,市光路,121.531933,31.322724,曲阳路,6,qu yang lu,21,121.491138,31.276524,地铁,310100025710,021,310109,310100025710022,30,5-12分钟,36.60758,3,1,1
上海,地铁8号线,,沈杜公路,121.512272,31.061427,市光路,121.531933,31.322724,四平路,6,si ping lu,22,121.501488,31.27488,地铁,310100025710,021,310109,310100025710023,30,5-12分钟,36.60758,3,1,1
上海,地铁8号线,,沈杜公路,121.512272,31.061427,市光路,121.531933,31.322724,鞍山新村,6,an shan xin cun,23,121.509685,31.273242,地铁,310100025710,021,310110,310100025710024,30,5-12分钟,36.60758,3,1,1
上海,地铁8号线,,沈杜公路,121.512272,31.061427,市光路,121.531933,31.322724,江浦路,6,jiang pu lu,24,121.518379,31.274946,地铁,310100025710,021,310110,310100025710025,30,5-12分钟,36.60758,3,1,1
上海,地铁8号线,,沈杜公路,121.512272,31.061427,市光路,121.531933,31.322724,黄兴路,6,huang xing lu,25,121.528401,31.278814,地铁,310100025710,021,310110,310100025710026,30,5-12分钟,36.60758,3,1,1
上海,地铁8号线,,沈杜公路,121.512272,31.061427,市光路,121.531933,31.322724,延吉中路,6,yan ji zhong lu,26,121.534941,31.288543,地铁,310100025710,021,310110,310100025710027,30,5-12分钟,36.60758,3,1,1
上海,地铁8号线,,沈杜公路,121.512272,31.061427,市光路,121.531933,31.322724,黄兴公园,6,huang xing gong yuan,27,121.533383,31.295389,地铁,310100025710,021,310110,310100025710028,30,5-12分钟,36.60758,3,1,1
上海,地铁8号线,,沈杜公路,121.512272,31.061427,市光路,121.531933,31.322724,翔殷路,6,xiang yin lu,28,121.531974,31.305002,地铁,310100025710,021,310110,310100025710029,30,5-12分钟,36.60758,3,1,1
上海,地铁8号线,,沈杜公路,121.512272,31.061427,市光路,121.531933,31.322724,嫩江路,6,nen jiang lu,29,121.531954,31.314804,地铁,310100025710,021,310110,310100025710030,30,5-12分钟,36.60758,3,1,1
上海,地铁8号线,,沈杜公路,121.512272,31.061427,市光路,121.531933,31.322724,市光路,6,shi guang lu,30,121.531933,31.322724,地铁,310100025710,021,310110,310100025710031,30,5-12分钟,36.60758,3,1,1
上海,地铁9号线,,杨高中路,121.548664,31.22751,松江南站,121.230884,30.984818,杨高中路,8,yang gao zhong lu,1,121.548664,31.22751,地铁,310100024547,021,310115,310100024547002,26,6-10分钟,49.78092,3,1,1
上海,地铁9号线,,杨高中路,121.548664,31.22751,松江南站,121.230884,30.984818,世纪大道,8,shi ji da dao,2,121.527221,31.228764,地铁,310100024547,021,310115,310100024547003,26,6-10分钟,49.78092,3,1,1
上海,地铁9号线,,杨高中路,121.548664,31.22751,松江南站,121.230884,30.984818,商城路,8,shang cheng lu,3,121.516275,31.230258,地铁,310100024547,021,310115,310100024547004,26,6-10分钟,49.78092,3,1,1
上海,地铁9号线,,杨高中路,121.548664,31.22751,松江南站,121.230884,30.984818,小南门,8,xiao nan men,4,121.498398,31.216866,地铁,310100024547,021,310101,310100024547005,26,6-10分钟,49.78092,3,1,1
上海,地铁9号线,,杨高中路,121.548664,31.22751,松江南站,121.230884,30.984818,陆家浜路,8,lu jia bang lu,5,121.486115,31.211789,地铁,310100024547,021,310101,310100024547006,26,6-10分钟,49.78092,3,1,1
上海,地铁9号线,,杨高中路,121.548664,31.22751,松江南站,121.230884,30.984818,马当路,8,ma dang lu,6,121.477256,31.20952,地铁,310100024547,021,310101,310100024547007,26,6-10分钟,49.78092,3,1,1
上海,地铁9号线,,杨高中路,121.548664,31.22751,松江南站,121.230884,30.984818,打浦桥,8,da pu qiao,7,121.468681,31.206309,地铁,310100024547,021,310101,310100024547008,26,6-10分钟,49.78092,3,1,1
上海,地铁9号线,,杨高中路,121.548664,31.22751,松江南站,121.230884,30.984818,嘉善路,8,jia shan lu,8,121.460704,31.20282,地铁,310100024547,021,310104,310100024547009,26,6-10分钟,49.78092,3,1,1
上海,地铁9号线,,杨高中路,121.548664,31.22751,松江南站,121.230884,30.984818,肇嘉浜路,8,zhao jia bang lu,9,121.450212,31.199436,地铁,310100024547,021,310104,310100024547010,26,6-10分钟,49.78092,3,1,1
上海,地铁9号线,,杨高中路,121.548664,31.22751,松江南站,121.230884,30.984818,徐家汇,8,xu jia hui,10,121.436837,31.195338,地铁,310100024547,021,310104,310100024547011,26,6-10分钟,49.78092,3,1,1
上海,地铁9号线,,杨高中路,121.548664,31.22751,松江南站,121.230884,30.984818,宜山路,8,yi shan lu,11,121.427393,31.184244,地铁,310100024547,021,310104,310100024547012,26,6-10分钟,49.78092,3,1,1
上海,地铁9号线,,杨高中路,121.548664,31.22751,松江南站,121.230884,30.984818,桂林路,8,gui lin lu,12,121.418064,31.174791,地铁,310100024547,021,310104,310100024547013,26,6-10分钟,49.78092,3,1,1
上海,地铁9号线,,杨高中路,121.548664,31.22751,松江南站,121.230884,30.984818,漕河泾开发区,8,cao he jing kai fa qu,13,121.397769,31.170644,地铁,310100024547,021,310104,310100024547014,26,6-10分钟,49.78092,3,1,1
上海,地铁9号线,,杨高中路,121.548664,31.22751,松江南站,121.230884,30.984818,合川路,8,he chuan lu,14,121.384772,31.166542,地铁,310100024547,021,310112,310100024547015,26,6-10分钟,49.78092,3,1,1
上海,地铁9号线,,杨高中路,121.548664,31.22751,松江南站,121.230884,30.984818,星中路,8,xing zhong lu,15,121.368903,31.158109,地铁,310100024547,021,310112,310100024547016,26,6-10分钟,49.78092,3,1,1
上海,地铁9号线,,杨高中路,121.548664,31.22751,松江南站,121.230884,30.984818,七宝,8,qi bao,16,121.349221,31.155287,地铁,310100024547,021,310112,310100024547017,26,6-10分钟,49.78092,3,1,1
上海,地铁9号线,,杨高中路,121.548664,31.22751,松江南站,121.230884,30.984818,中春路,8,zhong chun lu,17,121.3377,31.149415,地铁,310100024547,021,310112,310100024547018,26,6-10分钟,49.78092,3,1,1
上海,地铁9号线,,杨高中路,121.548664,31.22751,松江南站,121.230884,30.984818,九亭,8,jiu ting,18,121.319423,31.137252,地铁,310100024547,021,310117,310100024547019,26,6-10分钟,49.78092,3,1,1
上海,地铁9号线,,杨高中路,121.548664,31.22751,松江南站,121.230884,30.984818,泗泾,8,si jing,19,121.260247,31.118272,地铁,310100024547,021,310117,310100024547020,26,6-10分钟,49.78092,3,1,1
上海,地铁9号线,,杨高中路,121.548664,31.22751,松江南站,121.230884,30.984818,佘山,8,she shan,20,121.229686,31.104097,地铁,310100024547,021,310117,310100024547021,26,6-10分钟,49.78092,3,1,1
上海,地铁9号线,,杨高中路,121.548664,31.22751,松江南站,121.230884,30.984818,洞泾,8,dong jing,21,121.230473,31.084492,地铁,310100024547,021,310117,310100024547022,26,6-10分钟,49.78092,3,1,1
上海,地铁9号线,,杨高中路,121.548664,31.22751,松江南站,121.230884,30.984818,松江大学城,8,song jiang da xue cheng,22,121.232577,31.053984,地铁,310100024547,021,310117,310100024547023,26,6-10分钟,49.78092,3,1,1
上海,地铁9号线,,杨高中路,121.548664,31.22751,松江南站,121.230884,30.984818,松江新城,8,song jiang xin cheng,23,121.230739,31.030295,地铁,310100024547,021,310117,310100024547024,26,6-10分钟,49.78092,3,1,1
上海,地铁9号线,,杨高中路,121.548664,31.22751,松江南站,121.230884,30.984818,松江体育中心,8,song jiang ti yu zhong xin,24,121.230503,31.016035,地铁,310100024547,021,310117,310100024547025,26,6-10分钟,49.78092,3,1,1
上海,地铁9号线,,杨高中路,121.548664,31.22751,松江南站,121.230884,30.984818,醉白池,8,zui bai chi,25,121.229361,31.001125,地铁,310100024547,021,310117,310100024547026,26,6-10分钟,49.78092,3,1,1
上海,地铁9号线,,杨高中路,121.548664,31.22751,松江南站,121.230884,30.984818,松江南站,8,song jiang nan zhan,26,121.230884,30.984818,地铁,310100024547,021,310117,310100024547027,26,6-10分钟,49.78092,3,1,1
上海,地铁10号线,,新江湾城,121.506951,31.328496,虹桥火车站,121.31895,31.194022,新江湾城,6,xin jiang wan cheng,1,121.506951,31.328496,地铁,310100027706,021,310110,310100027706002,28,10分钟,30.60433,3,1,1
上海,地铁10号线,,新江湾城,121.506951,31.328496,虹桥火车站,121.31895,31.194022,殷高东路,6,yin gao dong lu,2,121.506797,31.321768,地铁,310100027706,021,310110,310100027706003,28,10分钟,30.60433,3,1,1
上海,地铁10号线,,新江湾城,121.506951,31.328496,虹桥火车站,121.31895,31.194022,三门路,6,san men lu,3,121.50834,31.313214,地铁,310100027706,021,310110,310100027706004,28,10分钟,30.60433,3,1,1
上海,地铁10号线,,新江湾城,121.506951,31.328496,虹桥火车站,121.31895,31.194022,江湾体育场,6,jiang wan ti yu chang,4,121.513314,31.304293,地铁,310100027706,021,310110,310100027706005,28,10分钟,30.60433,3,1,1
上海,地铁10号线,,新江湾城,121.506951,31.328496,虹桥火车站,121.31895,31.194022,五角场,6,wu jiao chang,5,121.514632,31.298043,地铁,310100027706,021,310110,310100027706006,28,10分钟,30.60433,3,1,1
上海,地铁10号线,,新江湾城,121.506951,31.328496,虹桥火车站,121.31895,31.194022,国权路,6,guo quan lu,6,121.510024,31.289276,地铁,310100027706,021,310110,310100027706007,28,10分钟,30.60433,3,1,1
上海,地铁10号线,,新江湾城,121.506951,31.328496,虹桥火车站,121.31895,31.194022,同济大学,6,tong ji da xue,7,121.506357,31.282086,地铁,310100027706,021,310110,310100027706008,28,10分钟,30.60433,3,1,1
上海,地铁10号线,,新江湾城,121.506951,31.328496,虹桥火车站,121.31895,31.194022,四平路,6,si ping lu,8,121.501488,31.27488,地铁,310100027706,021,310109,310100027706009,28,10分钟,30.60433,3,1,1
上海,地铁10号线,,新江湾城,121.506951,31.328496,虹桥火车站,121.31895,31.194022,邮电新村,6,you dian xin cun,9,121.494362,31.268533,地铁,310100027706,021,310109,310100027706010,28,10分钟,30.60433,3,1,1
上海,地铁10号线,,新江湾城,121.506951,31.328496,虹桥火车站,121.31895,31.194022,海伦路,6,hai lun lu,10,121.488669,31.259278,地铁,310100027706,021,310109,310100027706011,28,10分钟,30.60433,3,1,1
上海,地铁10号线,,新江湾城,121.506951,31.328496,虹桥火车站,121.31895,31.194022,四川北路,6,si chuan bei lu,11,121.484208,31.252035,地铁,310100027706,021,310109,310100027706012,28,10分钟,30.60433,3,1,1
上海,地铁10号线,,新江湾城,121.506951,31.328496,虹桥火车站,121.31895,31.194022,天潼路,6,tian tong lu,12,121.482473,31.243829,地铁,310100027706,021,310109,310100027706013,28,10分钟,30.60433,3,1,1
上海,地铁10号线,,新江湾城,121.506951,31.328496,虹桥火车站,121.31895,31.194022,南京东路,6,nan jing dong lu,13,121.484628,31.238101,地铁,310100027706,021,310101,310100027706014,28,10分钟,30.60433,3,1,1
上海,地铁10号线,,新江湾城,121.506951,31.328496,虹桥火车站,121.31895,31.194022,豫园,6,yu yuan,14,121.487473,31.227801,地铁,310100027706,021,310101,310100027706015,28,10分钟,30.60433,3,1,1
上海,地铁10号线,,新江湾城,121.506951,31.328496,虹桥火车站,121.31895,31.194022,老西门,6,lao xi men,15,121.483828,31.218995,地铁,310100027706,021,310101,310100027706016,28,10分钟,30.60433,3,1,1
上海,地铁10号线,,新江湾城,121.506951,31.328496,虹桥火车站,121.31895,31.194022,新天地,6,xin tian di,16,121.475182,31.216367,地铁,310100027706,021,310101,310100027706017,28,10分钟,30.60433,3,1,1
上海,地铁10号线,,新江湾城,121.506951,31.328496,虹桥火车站,121.31895,31.194022,陕西南路,6,shan xi nan lu,17,121.458735,31.215144,地铁,310100027706,021,310104,310100027706018,28,10分钟,30.60433,3,1,1
上海,地铁10号线,,新江湾城,121.506951,31.328496,虹桥火车站,121.31895,31.194022,上海图书馆,6,shang hai tu shu guan,18,121.444363,31.20796,地铁,310100027706,021,310104,310100027706019,28,10分钟,30.60433,3,1,1
上海,地铁10号线,,新江湾城,121.506951,31.328496,虹桥火车站,121.31895,31.194022,交通大学,6,jiao tong da xue,19,121.435253,31.202213,地铁,310100027706,021,310104,310100027706020,28,10分钟,30.60433,3,1,1
上海,地铁10号线,,新江湾城,121.506951,31.328496,虹桥火车站,121.31895,31.194022,虹桥路,6,hong qiao lu,20,121.422462,31.196634,地铁,310100027706,021,310105,310100027706021,28,10分钟,30.60433,3,1,1
上海,地铁10号线,,新江湾城,121.506951,31.328496,虹桥火车站,121.31895,31.194022,宋园路,6,song yuan lu,21,121.41208,31.19654,地铁,310100027706,021,310105,310100027706022,28,10分钟,30.60433,3,1,1
上海,地铁10号线,,新江湾城,121.506951,31.328496,虹桥火车站,121.31895,31.194022,伊犁路,6,yi li lu,22,121.403899,31.19888,地铁,310100027706,021,310105,310100027706023,28,10分钟,30.60433,3,1,1
上海,地铁10号线,,新江湾城,121.506951,31.328496,虹桥火车站,121.31895,31.194022,水城路,6,shui cheng lu,23,121.392259,31.199482,地铁,310100027706,021,310105,310100027706024,28,10分钟,30.60433,3,1,1
上海,地铁10号线,,新江湾城,121.506951,31.328496,虹桥火车站,121.31895,31.194022,龙溪路,6,long xi lu,24,121.380034,31.1944,地铁,310100027706,021,310105,310100027706025,28,10分钟,30.60433,3,1,1
上海,地铁10号线,,新江湾城,121.506951,31.328496,虹桥火车站,121.31895,31.194022,上海动物园,6,shang hai dong wu yuan,25,121.368137,31.190246,地铁,310100027706,021,310105,310100027706026,28,10分钟,30.60433,3,1,1
上海,地铁10号线,,新江湾城,121.506951,31.328496,虹桥火车站,121.31895,31.194022,虹桥1号航站楼,6,hong qiao 1 hao hang zhan lou,26,121.347371,31.191363,地铁,310100027706,021,310105,310100027706027,28,10分钟,30.60433,3,1,1
上海,地铁10号线,,新江湾城,121.506951,31.328496,虹桥火车站,121.31895,31.194022,虹桥2号航站楼,6,hong qiao 2 hao hang zhan lou,27,121.3263,31.194211,地铁,310100027706,021,310112,310100027706028,28,10分钟,30.60433,3,1,1
上海,地铁10号线,,新江湾城,121.506951,31.328496,虹桥火车站,121.31895,31.194022,虹桥火车站,6,hong qiao huo che zhan,28,121.31895,31.194022,地铁,310100027706,021,310112,310100027706029,28,10分钟,30.60433,3,1,1
上海,地铁11号线,,迪士尼,121.668162,31.141355,嘉定北,121.23735,31.391549,迪士尼,9,di shi ni,1,121.668162,31.141355,地铁,310100027602,021,310115,310100027602032,31,,62.48509,3,1,1
上海,地铁11号线,,迪士尼,121.668162,31.141355,嘉定北,121.23735,31.391549,康新公路,9,kang xin gong lu,2,121.617199,31.130441,地铁,310100027602,021,310115,310100027602030,31,,62.48509,3,1,1
上海,地铁11号线,,迪士尼,121.668162,31.141355,嘉定北,121.23735,31.391549,秀沿路,9,xiu yan lu,3,121.598388,31.138122,地铁,310100027602,021,310115,310100027602031,31,,62.48509,3,1,1
上海,地铁11号线,,迪士尼,121.668162,31.141355,嘉定北,121.23735,31.391549,罗山路,9,luo shan lu,4,121.593152,31.153259,地铁,310100027602,021,310115,310100027602002,31,,62.48509,3,1,1
上海,地铁11号线,,迪士尼,121.668162,31.141355,嘉定北,121.23735,31.391549,御桥,9,yu qiao,5,121.570914,31.158131,地铁,310100027602,021,310115,310100027602003,31,,62.48509,3,1,1
上海,地铁11号线,,迪士尼,121.668162,31.141355,嘉定北,121.23735,31.391549,浦三路,9,pu san lu,6,121.539005,31.150861,地铁,310100027602,021,310115,310100027602004,31,,62.48509,3,1,1
上海,地铁11号线,,迪士尼,121.668162,31.141355,嘉定北,121.23735,31.391549,三林东,9,san lin dong,7,121.522999,31.146459,地铁,310100027602,021,310115,310100027602005,31,,62.48509,3,1,1
上海,地铁11号线,,迪士尼,121.668162,31.141355,嘉定北,121.23735,31.391549,三林,9,san lin,8,121.511594,31.143172,地铁,310100027602,021,310115,310100027602006,31,,62.48509,3,1,1
上海,地铁11号线,,迪士尼,121.668162,31.141355,嘉定北,121.23735,31.391549,东方体育中心,9,dong fang ti yu zhong xin,9,121.480304,31.153366,地铁,310100027602,021,310115,310100027602007,31,,62.48509,3,1,1
上海,地铁11号线,,迪士尼,121.668162,31.141355,嘉定北,121.23735,31.391549,龙耀路,9,long yao lu,10,121.459702,31.15972,地铁,310100027602,021,310104,310100027602008,31,,62.48509,3,1,1
上海,地铁11号线,,迪士尼,121.668162,31.141355,嘉定北,121.23735,31.391549,云锦路,9,yun jin lu,11,121.458567,31.166451,地铁,310100027602,021,310104,310100027602009,31,,62.48509,3,1,1
上海,地铁11号线,,迪士尼,121.668162,31.141355,嘉定北,121.23735,31.391549,龙华,9,long hua,12,121.452958,31.172672,地铁,310100027602,021,310104,310100027602010,31,,62.48509,3,1,1
上海,地铁11号线,,迪士尼,121.668162,31.141355,嘉定北,121.23735,31.391549,上海游泳馆,9,shang hai you yong guan,13,121.441424,31.179123,地铁,310100027602,021,310104,310100027602011,31,,62.48509,3,1,1
上海,地铁11号线,,迪士尼,121.668162,31.141355,嘉定北,121.23735,31.391549,徐家汇,9,xu jia hui,14,121.43635,31.193761,地铁,310100027602,021,310104,310100027602012,31,,62.48509,3,1,1
上海,地铁11号线,,迪士尼,121.668162,31.141355,嘉定北,121.23735,31.391549,交通大学,9,jiao tong da xue,15,121.435253,31.202213,地铁,310100027602,021,310104,310100027602013,31,,62.48509,3,1,1
上海,地铁11号线,,迪士尼,121.668162,31.141355,嘉定北,121.23735,31.391549,江苏路,9,jiang su lu,16,121.430635,31.220408,地铁,310100027602,021,310105,310100027602014,31,,62.48509,3,1,1
上海,地铁11号线,,迪士尼,121.668162,31.141355,嘉定北,121.23735,31.391549,隆德路,9,long de lu,17,121.423576,31.230509,地铁,310100027602,021,310107,310100027602015,31,,62.48509,3,1,1
上海,地铁11号线,,迪士尼,121.668162,31.141355,嘉定北,121.23735,31.391549,曹杨路,9,cao yang lu,18,121.417562,31.237824,地铁,310100027602,021,310107,310100027602016,31,,62.48509,3,1,1
上海,地铁11号线,,迪士尼,121.668162,31.141355,嘉定北,121.23735,31.391549,枫桥路,9,feng qiao lu,19,121.411402,31.24185,地铁,310100027602,021,310107,310100027602017,31,,62.48509,3,1,1
上海,地铁11号线,,迪士尼,121.668162,31.141355,嘉定北,121.23735,31.391549,真如,9,zhen ru,20,121.407219,31.250767,地铁,310100027602,021,310107,310100027602018,31,,62.48509,3,1,1
上海,地铁11号线,,迪士尼,121.668162,31.141355,嘉定北,121.23735,31.391549,上海西站,9,shang hai xi zhan,21,121.400926,31.262693,地铁,310100027602,021,310107,310100027602019,31,,62.48509,3,1,1
上海,地铁11号线,,迪士尼,121.668162,31.141355,嘉定北,121.23735,31.391549,李子园,9,li zi yuan,22,121.389969,31.26902,地铁,310100027602,021,310107,310100027602020,31,,62.48509,3,1,1
上海,地铁11号线,,迪士尼,121.668162,31.141355,嘉定北,121.23735,31.391549,祁连山路,9,qi lian shan lu,23,121.376035,31.27165,地铁,310100027602,021,310107,310100027602021,31,,62.48509,3,1,1
上海,地铁11号线,,迪士尼,121.668162,31.141355,嘉定北,121.23735,31.391549,武威路,9,wu wei lu,24,121.364678,31.276646,地铁,310100027602,021,310107,310100027602022,31,,62.48509,3,1,1
上海,地铁11号线,,迪士尼,121.668162,31.141355,嘉定北,121.23735,31.391549,桃浦新村,9,tao pu xin cun,25,121.349623,31.281603,地铁,310100027602,021,310107,310100027602023,31,,62.48509,3,1,1
上海,地铁11号线,,迪士尼,121.668162,31.141355,嘉定北,121.23735,31.391549,南翔,9,nan xiang,26,121.323141,31.296952,地铁,310100027602,021,310114,310100027602024,31,,62.48509,3,1,1
上海,地铁11号线,,迪士尼,121.668162,31.141355,嘉定北,121.23735,31.391549,马陆,9,ma lu,27,121.276906,31.319675,地铁,310100027602,021,310114,310100027602025,31,,62.48509,3,1,1
上海,地铁11号线,,迪士尼,121.668162,31.141355,嘉定北,121.23735,31.391549,嘉定新城,9,jia ding xin cheng,28,121.254294,31.330062,地铁,310100027602,021,310114,310100027602026,31,,62.48509,3,1,1
上海,地铁11号线,,迪士尼,121.668162,31.141355,嘉定北,121.23735,31.391549,白银路,9,bai yin lu,29,121.24535,31.345359,地铁,310100027602,021,310114,310100027602027,31,,62.48509,3,1,1
上海,地铁11号线,,迪士尼,121.668162,31.141355,嘉定北,121.23735,31.391549,嘉定西,9,jia ding xi,30,121.227855,31.377107,地铁,310100027602,021,310114,310100027602028,31,,62.48509,3,1,1
上海,地铁11号线,,迪士尼,121.668162,31.141355,嘉定北,121.23735,31.391549,嘉定北,9,jia ding bei,31,121.23735,31.391549,地铁,310100027602,021,310114,310100027602029,31,,62.48509,3,1,1
上海,地铁12号线,,七莘路,121.362464,31.131638,金海路,121.638659,31.26326,七莘路,7,qi shen lu,1,121.362464,31.131638,地铁,310100025712,021,310112,310100025712018,32,5-10分钟,39.53512,3,1,1
上海,地铁12号线,,七莘路,121.362464,31.131638,金海路,121.638659,31.26326,虹莘路,7,hong shen lu,2,121.380348,31.137448,地铁,310100025712,021,310112,310100025712019,32,5-10分钟,39.53512,3,1,1
上海,地铁12号线,,七莘路,121.362464,31.131638,金海路,121.638659,31.26326,顾戴路,7,gu dai lu,3,121.391856,31.14089,地铁,310100025712,021,310112,310100025712020,32,5-10分钟,39.53512,3,1,1
上海,地铁12号线,,七莘路,121.362464,31.131638,金海路,121.638659,31.26326,东兰路,7,dong lan lu,4,121.391915,31.155823,地铁,310100025712,021,310112,310100025712021,32,5-10分钟,39.53512,3,1,1
上海,地铁12号线,,七莘路,121.362464,31.131638,金海路,121.638659,31.26326,虹梅路,7,hong mei lu,5,121.397254,31.160351,地铁,310100025712,021,310104,310100025712022,32,5-10分钟,39.53512,3,1,1
上海,地铁12号线,,七莘路,121.362464,31.131638,金海路,121.638659,31.26326,虹漕路,7,hong cao lu,6,121.41055,31.164029,地铁,310100025712,021,310104,310100025712023,32,5-10分钟,39.53512,3,1,1
上海,地铁12号线,,七莘路,121.362464,31.131638,金海路,121.638659,31.26326,桂林公园,7,gui lin gong yuan,7,121.419654,31.166986,地铁,310100025712,021,310104,310100025712024,32,5-10分钟,39.53512,3,1,1
上海,地铁12号线,,七莘路,121.362464,31.131638,金海路,121.638659,31.26326,漕宝路,7,cao bao lu,8,121.433141,31.168338,地铁,310100025712,021,310104,310100025712025,32,5-10分钟,39.53512,3,1,1
上海,地铁12号线,,七莘路,121.362464,31.131638,金海路,121.638659,31.26326,龙漕路,7,long cao lu,9,121.443402,31.170323,地铁,310100025712,021,310104,310100025712026,32,5-10分钟,39.53512,3,1,1
上海,地铁12号线,,七莘路,121.362464,31.131638,金海路,121.638659,31.26326,龙华,7,long hua,10,121.452707,31.17504,地铁,310100025712,021,310104,310100025712027,32,5-10分钟,39.53512,3,1,1
上海,地铁12号线,,七莘路,121.362464,31.131638,金海路,121.638659,31.26326,龙华中路,7,long hua zhong lu,11,121.457,31.184814,地铁,310100025712,021,310104,310100025712028,32,5-10分钟,39.53512,3,1,1
上海,地铁12号线,,七莘路,121.362464,31.131638,金海路,121.638659,31.26326,大木桥路,7,da mu qiao lu,12,121.464012,31.193645,地铁,310100025712,021,310104,310100025712029,32,5-10分钟,39.53512,3,1,1
上海,地铁12号线,,七莘路,121.362464,31.131638,金海路,121.638659,31.26326,嘉善路,7,jia shan lu,13,121.461075,31.202017,地铁,310100025712,021,310104,310100025712030,32,5-10分钟,39.53512,3,1,1
上海,地铁12号线,,七莘路,121.362464,31.131638,金海路,121.638659,31.26326,陕西南路,7,shan xi nan lu,14,121.459413,31.21609,地铁,310100025712,021,310101,310100025712031,32,5-10分钟,39.53512,3,1,1
上海,地铁12号线,,七莘路,121.362464,31.131638,金海路,121.638659,31.26326,南京西路,7,nan jing xi lu,15,121.459493,31.227941,地铁,310100025712,021,310106,310100025712032,32,5-10分钟,39.53512,3,1,1
上海,地铁12号线,,七莘路,121.362464,31.131638,金海路,121.638659,31.26326,汉中路,7,han zhong lu,16,121.458855,31.240571,地铁,310100025712,021,310106,310100025712033,32,5-10分钟,39.53512,3,1,1
上海,地铁12号线,,七莘路,121.362464,31.131638,金海路,121.638659,31.26326,曲阜路,7,qu fu lu,17,121.471543,31.242307,地铁,310100025712,021,310106,310100025712002,32,5-10分钟,39.53512,3,1,1
上海,地铁12号线,,七莘路,121.362464,31.131638,金海路,121.638659,31.26326,天潼路,7,tian tong lu,18,121.482473,31.243829,地铁,310100025712,021,310109,310100025712003,32,5-10分钟,39.53512,3,1,1
上海,地铁12号线,,七莘路,121.362464,31.131638,金海路,121.638659,31.26326,国际客运中心,7,guo ji ke yun zhong xin,19,121.498158,31.25016,地铁,310100025712,021,310109,310100025712004,32,5-10分钟,39.53512,3,1,1
上海,地铁12号线,,七莘路,121.362464,31.131638,金海路,121.638659,31.26326,提篮桥,7,ti lan qiao,20,121.506801,31.253518,地铁,310100025712,021,310109,310100025712005,32,5-10分钟,39.53512,3,1,1
上海,地铁12号线,,七莘路,121.362464,31.131638,金海路,121.638659,31.26326,大连路,7,da lian lu,21,121.513088,31.257938,地铁,310100025712,021,310109,310100025712006,32,5-10分钟,39.53512,3,1,1
上海,地铁12号线,,七莘路,121.362464,31.131638,金海路,121.638659,31.26326,江浦公园,7,jiang pu gong yuan,22,121.523697,31.26457,地铁,310100025712,021,310110,310100025712007,32,5-10分钟,39.53512,3,1,1
上海,地铁12号线,,七莘路,121.362464,31.131638,金海路,121.638659,31.26326,宁国路,7,ning guo lu,23,121.532328,31.268612,地铁,310100025712,021,310110,310100025712008,32,5-10分钟,39.53512,3,1,1
上海,地铁12号线,,七莘路,121.362464,31.131638,金海路,121.638659,31.26326,隆昌路,7,long chang lu,24,121.544692,31.275213,地铁,310100025712,021,310110,310100025712009,32,5-10分钟,39.53512,3,1,1
上海,地铁12号线,,七莘路,121.362464,31.131638,金海路,121.638659,31.26326,爱国路,7,ai guo lu,25,121.552655,31.279788,地铁,310100025712,021,310110,310100025712010,32,5-10分钟,39.53512,3,1,1
上海,地铁12号线,,七莘路,121.362464,31.131638,金海路,121.638659,31.26326,复兴岛,7,fu xing dao,26,121.561315,31.280779,地铁,310100025712,021,310110,310100025712011,32,5-10分钟,39.53512,3,1,1
上海,地铁12号线,,七莘路,121.362464,31.131638,金海路,121.638659,31.26326,东陆路,7,dong lu lu,27,121.579124,31.282533,地铁,310100025712,021,310115,310100025712012,32,5-10分钟,39.53512,3,1,1
上海,地铁12号线,,七莘路,121.362464,31.131638,金海路,121.638659,31.26326,巨峰路,7,ju feng lu,28,121.589862,31.280042,地铁,310100025712,021,310115,310100025712013,32,5-10分钟,39.53512,3,1,1
上海,地铁12号线,,七莘路,121.362464,31.131638,金海路,121.638659,31.26326,杨高北路,7,yang gao bei lu,29,121.60296,31.280092,地铁,310100025712,021,310115,310100025712014,32,5-10分钟,39.53512,3,1,1
上海,地铁12号线,,七莘路,121.362464,31.131638,金海路,121.638659,31.26326,金京路,7,jin jing lu,30,121.615477,31.279823,地铁,310100025712,021,310115,310100025712015,32,5-10分钟,39.53512,3,1,1
上海,地铁12号线,,七莘路,121.362464,31.131638,金海路,121.638659,31.26326,申江路,7,shen jiang lu,31,121.626863,31.280231,地铁,310100025712,021,310115,310100025712016,32,5-10分钟,39.53512,3,1,1
上海,地铁12号线,,七莘路,121.362464,31.131638,金海路,121.638659,31.26326,金海路,7,jin hai lu,32,121.638659,31.26326,地铁,310100025712,021,310115,310100025712017,32,5-10分钟,39.53512,3,1,1
上海,地铁13号线,,世博大道,121.484313,31.182789,金运路,121.319308,31.240986,世博大道,5,shi bo da dao,1,121.484313,31.182789,地铁,310100024524,021,310115,310100024524012,19,,21.86642,3,1,1
上海,地铁13号线,,世博大道,121.484313,31.182789,金运路,121.319308,31.240986,世博会博物馆,5,shi bo hui bo wu guan,2,121.481592,31.197572,地铁,310100024524,021,310101,310100024524013,19,,21.86642,3,1,1
上海,地铁13号线,,世博大道,121.484313,31.182789,金运路,121.319308,31.240986,马当路,5,ma dang lu,3,121.476209,31.209931,地铁,310100024524,021,310101,310100024524014,19,,21.86642,3,1,1
上海,地铁13号线,,世博大道,121.484313,31.182789,金运路,121.319308,31.240986,新天地,5,xin tian di,4,121.47456,31.215758,地铁,310100024524,021,310101,310100024524015,19,,21.86642,3,1,1
上海,地铁13号线,,世博大道,121.484313,31.182789,金运路,121.319308,31.240986,淮海中路,5,huai hai zhong lu,5,121.464514,31.22028,地铁,310100024524,021,310101,310100024524016,19,,21.86642,3,1,1
上海,地铁13号线,,世博大道,121.484313,31.182789,金运路,121.319308,31.240986,南京西路,5,nan jing xi lu,6,121.462434,31.22857,地铁,310100024524,021,310106,310100024524017,19,,21.86642,3,1,1
上海,地铁13号线,,世博大道,121.484313,31.182789,金运路,121.319308,31.240986,自然博物馆,5,zi ran bo wu guan,7,121.462366,31.236451,地铁,310100024524,021,310106,310100024524018,19,,21.86642,3,1,1
上海,地铁13号线,,世博大道,121.484313,31.182789,金运路,121.319308,31.240986,汉中路,5,han zhong lu,8,121.458855,31.240571,地铁,310100024524,021,310106,310100024524019,19,,21.86642,3,1,1
上海,地铁13号线,,世博大道,121.484313,31.182789,金运路,121.319308,31.240986,江宁路,5,jiang ning lu,9,121.44483,31.244282,地铁,310100024524,021,310107,310100024524020,19,,21.86642,3,1,1
上海,地铁13号线,,世博大道,121.484313,31.182789,金运路,121.319308,31.240986,长寿路,5,chang shou lu,10,121.438435,31.24093,地铁,310100024524,021,310107,310100024524009,19,,21.86642,3,1,1
上海,地铁13号线,,世博大道,121.484313,31.182789,金运路,121.319308,31.240986,武宁路,5,wu ning lu,11,121.430504,31.234346,地铁,310100024524,021,310107,310100024524010,19,,21.86642,3,1,1
上海,地铁13号线,,世博大道,121.484313,31.182789,金运路,121.319308,31.240986,隆德路,5,long de lu,12,121.423576,31.230509,地铁,310100024524,021,310107,310100024524011,19,,21.86642,3,1,1
上海,地铁13号线,,世博大道,121.484313,31.182789,金运路,121.319308,31.240986,金沙江路,5,jin sha jiang lu,13,121.411856,31.231168,地铁,310100024524,021,310107,310100024524002,19,,21.86642,3,1,1
上海,地铁13号线,,世博大道,121.484313,31.182789,金运路,121.319308,31.240986,大渡河路,5,da du he lu,14,121.394431,31.231752,地铁,310100024524,021,310107,310100024524003,19,,21.86642,3,1,1
上海,地铁13号线,,世博大道,121.484313,31.182789,金运路,121.319308,31.240986,真北路,5,zhen bei lu,15,121.381946,31.232243,地铁,310100024524,021,310107,310100024524004,19,,21.86642,3,1,1
上海,地铁13号线,,世博大道,121.484313,31.182789,金运路,121.319308,31.240986,祁连山南路,5,qi lian shan nan lu,16,121.367275,31.237625,地铁,310100024524,021,310107,310100024524005,19,,21.86642,3,1,1
上海,地铁13号线,,世博大道,121.484313,31.182789,金运路,121.319308,31.240986,丰庄,5,feng zhuang,17,121.355141,31.242553,地铁,310100024524,021,310114,310100024524006,19,,21.86642,3,1,1
上海,地铁13号线,,世博大道,121.484313,31.182789,金运路,121.319308,31.240986,金沙江西路,5,jin sha jiang xi lu,18,121.335156,31.241152,地铁,310100024524,021,310114,310100024524007,19,,21.86642,3,1,1
上海,地铁13号线,,世博大道,121.484313,31.182789,金运路,121.319308,31.240986,金运路,5,jin yun lu,19,121.319308,31.240986,地铁,310100024524,021,310114,310100024524008,19,,21.86642,3,1,1
上海,地铁16号线,05:50-22:30,龙阳路,121.557848,31.201988,滴水湖,121.929583,30.907245,龙阳路,9,long yang lu,1,121.557848,31.201988,地铁,310100024527,021,310115,310100024527013,13,,58.63265,3,1,1
上海,地铁16号线,05:50-22:30,龙阳路,121.557848,31.201988,滴水湖,121.929583,30.907245,华夏中路,9,hua xia zhong lu,2,121.583109,31.175759,地铁,310100024527,021,310115,310100024527014,13,,58.63265,3,1,1
上海,地铁16号线,05:50-22:30,龙阳路,121.557848,31.201988,滴水湖,121.929583,30.907245,罗山路,9,luo shan lu,3,121.593152,31.153259,地铁,310100024527,021,310115,310100024527002,13,,58.63265,3,1,1
上海,地铁16号线,05:50-22:30,龙阳路,121.557848,31.201988,滴水湖,121.929583,30.907245,周浦东,9,zhou pu dong,4,121.606946,31.11009,地铁,310100024527,021,310115,310100024527003,13,,58.63265,3,1,1
上海,地铁16号线,05:50-22:30,龙阳路,121.557848,31.201988,滴水湖,121.929583,30.907245,鹤沙航城,9,he sha hang cheng,5,121.611239,31.077797,地铁,310100024527,021,310115,310100024527004,13,,58.63265,3,1,1
上海,地铁16号线,05:50-22:30,龙阳路,121.557848,31.201988,滴水湖,121.929583,30.907245,航头东,9,hang tou dong,6,121.617494,31.054919,地铁,310100024527,021,310115,310100024527005,13,,58.63265,3,1,1
上海,地铁16号线,05:50-22:30,龙阳路,121.557848,31.201988,滴水湖,121.929583,30.907245,新场,9,xin chang,7,121.64898,31.045561,地铁,310100024527,021,310115,310100024527006,13,,58.63265,3,1,1
上海,地铁16号线,05:50-22:30,龙阳路,121.557848,31.201988,滴水湖,121.929583,30.907245,野生动物园,9,ye sheng dong wu yuan,8,121.699218,31.050325,地铁,310100024527,021,310115,310100024527007,13,,58.63265,3,1,1
上海,地铁16号线,05:50-22:30,龙阳路,121.557848,31.201988,滴水湖,121.929583,30.907245,惠南,9,hui nan,9,121.761677,31.053828,地铁,310100024527,021,310115,310100024527008,13,,58.63265,3,1,1
上海,地铁16号线,05:50-22:30,龙阳路,121.557848,31.201988,滴水湖,121.929583,30.907245,惠南东,9,hui nan dong,10,121.7938,31.026448,地铁,310100024527,021,310115,310100024527009,13,,58.63265,3,1,1
上海,地铁16号线,05:50-22:30,龙阳路,121.557848,31.201988,滴水湖,121.929583,30.907245,书院,9,shu yuan,11,121.85052,30.959264,地铁,310100024527,021,310115,310100024527010,13,,58.63265,3,1,1
上海,地铁16号线,05:50-22:30,龙阳路,121.557848,31.201988,滴水湖,121.929583,30.907245,临港大道,9,lin gang da dao,12,121.910851,30.923519,地铁,310100024527,021,310115,310100024527011,13,,58.63265,3,1,1
上海,地铁16号线,05:50-22:30,龙阳路,121.557848,31.201988,滴水湖,121.929583,30.907245,滴水湖,9,di shui hu,13,121.929583,30.907245,地铁,310100024527,021,310115,310100024527012,13,,58.63265,3,1,1
